name,cid,property,value_text,reference,source,source_url
Ethyldiglyme,8146,Viscosity,3.85 mPa.s (=cPs) at 25 °C,"Kirk-Othmer Encyclopedia of Chemical Technology. 3rd ed., Volumes 1-26. New York, NY: John Wiley and Sons, 1978-1984., p. 21: 389 (1983)",Hazardous Substances Data Bank (HSDB),https://pubchem.ncbi.nlm.nih.gov/source/hsdb/51
DMF,6228,Viscosity,0.802 cP at 25 °C,"Marsella JA; Dimethylformamide. Kirk-Othmer Encyclopedia of Chemical Technology. (1999-2014). New York, NY: John Wiley & Sons. Online Posting Date: 18 Jan 2013",Hazardous Substances Data Bank (HSDB),https://pubchem.ncbi.nlm.nih.gov/source/hsdb/78
DMF,6228,Viscosity,0.85 mm²/s at 25 °C,,ILO-WHO International Chemical Safety Cards (ICSCs),https://chemicalsafety.ilo.org/dyn/icsc/showcard.display?p_card_id=0457
Benzene,241,Viscosity,0.604 mPa.s at 25 °C,"Haynes, W.M. (ed.). CRC Handbook of Chemistry and Physics. 94th Edition. CRC Press LLC, Boca Raton: FL 2013-2014, p. 6-238",Hazardous Substances Data Bank (HSDB),https://pubchem.ncbi.nlm.nih.gov/source/hsdb/35
Cumene,7406,Viscosity,0.737 mPa.sec at 25 °C,"Haynes, W.M. (ed.) CRC Handbook of Chemistry and Physics.   91st ed. Boca Raton, FL: CRC Press Inc., 2010-2011, p. 6-232",Hazardous Substances Data Bank (HSDB),https://pubchem.ncbi.nlm.nih.gov/source/hsdb/172
Cumene,7406,Viscosity,0.85 mm²/s at 25 °C,,ILO-WHO International Chemical Safety Cards (ICSCs),https://chemicalsafety.ilo.org/dyn/icsc/showcard.display?p_card_id=0170
Ethylbenzene,7500,Viscosity,0.64 cP at 25 °C,"Larranaga, M.D., Lewis, R.J. Sr., Lewis, R.A.; Hawley's Condensed Chemical Dictionary 16th  Edition. John Wiley & Sons, Inc. Hoboken, NJ 2016., p. 576",Hazardous Substances Data Bank (HSDB),https://pubchem.ncbi.nlm.nih.gov/source/hsdb/84
Ethylbenzene,7500,Viscosity,0.6 mm²/s at 25 °C,,ILO-WHO International Chemical Safety Cards (ICSCs),https://chemicalsafety.ilo.org/dyn/icsc/showcard.display?p_card_id=0268
Toluene,1140,Viscosity,1.165 mPa-s at -25 °C; 0.778 mPa-s at 0 °C; 0.560 mPa-s at 25 °C; 0.424 mPa-s at 50 °C; 0.333 mPa-s at 75 °C; 0.270 mPa-s at 100 °C,"Haynes, W.M. (ed.). CRC Handbook of Chemistry and Physics. 95th Edition. CRC Press LLC, Boca Raton: FL 2014-2015, p. 6-234",Hazardous Substances Data Bank (HSDB),https://pubchem.ncbi.nlm.nih.gov/source/hsdb/131
Toluene,1140,Viscosity,0.68 mm²/s at 20 °C,,ILO-WHO International Chemical Safety Cards (ICSCs),https://chemicalsafety.ilo.org/dyn/icsc/showcard.display?p_card_id=0078
m-Xylene,7929,Viscosity,0.581 mPa.s at 25 °C,"Haynes, W.M. (ed.). CRC Handbook of Chemistry and Physics. 95th Edition. CRC Press LLC, Boca Raton: FL 2014-2015, p. 6-234",Hazardous Substances Data Bank (HSDB),https://pubchem.ncbi.nlm.nih.gov/source/hsdb/135
m-Xylene,7929,Viscosity,0.58 mPa*s at 25 °C,,ILO-WHO International Chemical Safety Cards (ICSCs),https://chemicalsafety.ilo.org/dyn/icsc/showcard.display?p_card_id=0085
o-Xylene,7237,Viscosity,0.760 mPa.s at 25 °C,"Haynes, W.M. (ed.). CRC Handbook of Chemistry and Physics. 95th Edition. CRC Press LLC, Boca Raton: FL 2014-2015, p. 6-234",Hazardous Substances Data Bank (HSDB),https://pubchem.ncbi.nlm.nih.gov/source/hsdb/134
o-Xylene,7237,Viscosity,0.81 mPa*s at 20 °C,,ILO-WHO International Chemical Safety Cards (ICSCs),https://chemicalsafety.ilo.org/dyn/icsc/showcard.display?p_card_id=0084
DMC,12021,Viscosity,0.664 mPa.s at 20 °C,"Kreutxberger CB; Kirk-Othmer Encyclopedia of Chemical Technology. (1999-2012). New York, NY: John Wiley & Sons; Chloroformates and Carbonates. Online Posting Date: 4/16/2001.",Hazardous Substances Data Bank (HSDB),https://pubchem.ncbi.nlm.nih.gov/source/hsdb/6928
EA,8857,Viscosity,0.423 mPa.s at 25 °C,"Haynes, W.M. (ed.). CRC Handbook of Chemistry and Physics. 94th Edition. CRC Press LLC, Boca Raton: FL 2013-2014, p. 6-232",Hazardous Substances Data Bank (HSDB),https://pubchem.ncbi.nlm.nih.gov/source/hsdb/83
MA,6584,Viscosity,0.364 mPa.s at 25 °C,"Haynes, W.M. (ed.). CRC Handbook of Chemistry and Physics. 94th Edition. CRC Press LLC, Boca Raton: FL 2013-2014, p. 6-232",Hazardous Substances Data Bank (HSDB),https://pubchem.ncbi.nlm.nih.gov/source/hsdb/95
g-Butyrolactone,7302,Viscosity,1.75 centipoise at 25 °C,"Hort EV, Taylor P; Kirk-Othmer Encyclopedia of Chemical Technology. (2005). NY, NY: John Wiley & Sons; Acetylene-Derived Chemicals. Online Posting Date: May 16, 2003.",Hazardous Substances Data Bank (HSDB),https://pubchem.ncbi.nlm.nih.gov/source/hsdb/4290
2-Glyme,8150,Viscosity,1.089 cP at 20 °C,"Lewis, R.J. Sr.; Hawley's Condensed Chemical Dictionary 14th Edition. John Wiley & Sons, Inc. New York, NY 2001., p. 373",Hazardous Substances Data Bank (HSDB),https://pubchem.ncbi.nlm.nih.gov/source/hsdb/72
THF,8028,Viscosity,0.53 cP at 20 °C,"Flick, E.W. (ed.). Industrial Solvents Handbook 4 th ed. Noyes Data Corporation., Park Ridge, NJ., 1991., p. 536",Hazardous Substances Data Bank (HSDB),https://pubchem.ncbi.nlm.nih.gov/source/hsdb/125
THF,8028,Viscosity,0.5 mPa*s at 20 °C,,ILO-WHO International Chemical Safety Cards (ICSCs),https://chemicalsafety.ilo.org/dyn/icsc/showcard.display?p_card_id=0578
Freon 11,6389,Viscosity,Gas: 0.0105 mPa.s at 24 °C; liquid: 0.43 mPa.s at 20 °C,"O'Neil, M.J. (ed.). The Merck Index - An Encyclopedia of Chemicals, Drugs, and Biologicals. Whitehouse Station, NJ:  Merck and Co., Inc., 2006., p. 6-229",Hazardous Substances Data Bank (HSDB),https://pubchem.ncbi.nlm.nih.gov/source/hsdb/138
Methylene chloride,6344,Viscosity,0.437 mPa.s at 20 °C,"Rossberg M et al; Chloromethanes. Ullmann's Encyclopedia of Industrial Chemistry. 7th ed. (1999-2014). New York, NY: John Wiley & Sons. Online Posting Date: Oct 15, 2011.",Hazardous Substances Data Bank (HSDB),https://pubchem.ncbi.nlm.nih.gov/source/hsdb/66
Methylene chloride,6344,Viscosity,0.32 mm²/s at 20 °C,,ILO-WHO International Chemical Safety Cards (ICSCs),https://chemicalsafety.ilo.org/dyn/icsc/showcard.display?p_card_id=0058
AN,6342,Viscosity,0.35 cP at 20 °C,"DeVito SC; Nitriles. Kirk-Othmer Encyclopedia of Chemical Technology. (1999-2014). New York, NY: John Wiley & Sons. Online Posting Date: Sept 14, 2007.",Hazardous Substances Data Bank (HSDB),https://pubchem.ncbi.nlm.nih.gov/source/hsdb/42
AN,6342,Viscosity,0.35 cP at 20 °C,,ILO-WHO International Chemical Safety Cards (ICSCs),https://chemicalsafety.ilo.org/dyn/icsc/showcard.display?p_card_id=0088
TEOS,6517,Viscosity,0.6 cP at 25 °C,"Lewis, R.J. Sr.; Hawley's Condensed Chemical Dictionary 15th  Edition. John Wiley & Sons, Inc. New York, NY 2007., p. 541",Hazardous Substances Data Bank (HSDB),https://pubchem.ncbi.nlm.nih.gov/source/hsdb/534
Sulfolane,31347,Viscosity,10.34 centipoises at 30 °C,"O'Neil, M.J. (ed.). The Merck Index - An Encyclopedia of  Chemicals, Drugs, and Biologicals. 13th Edition, Whitehouse  Station, NJ:  Merck and Co., Inc., 2001., p. 1597",Hazardous Substances Data Bank (HSDB),https://pubchem.ncbi.nlm.nih.gov/source/hsdb/122
DMSO,679,Viscosity,2.47cP at 20 °C,"O'Neil, M.J. (ed.). The Merck Index - An Encyclopedia of Chemicals, Drugs, and Biologicals. Cambridge, UK:  Royal Society of Chemistry, 2013., p. 593",Hazardous Substances Data Bank (HSDB),https://pubchem.ncbi.nlm.nih.gov/source/hsdb/80
DMSO,679,Viscosity,1.95 mm²/s at 20 °C,,ILO-WHO International Chemical Safety Cards (ICSCs),https://chemicalsafety.ilo.org/dyn/icsc/showcard.display?p_card_id=0459
