name,M_g_mol,rho_g_cm3,M_props,rho_props
2-Glyme,134.175,0.937,134.17,0.94
2-MeTHF,86.134,0.854,86.13,0.85
3-Glyme,178.228,0.986,178.23,0.99
3-Me-2-Oxazolidinone,101.105,1.17,,
3-MeSulfolane,134.2,1.19,,
4-Glyme,222.281,1.009,222.28,1.01
AN,41.053,0.7857,41.05,0.78
Benzene,78.114,0.8737,,
Cumene,120.195,0.8618,,
DEC,118.132,0.975,118.13,0.97
DMC,90.078,1.063,90.08,1.06
DME,90.122,0.8637,90.12,0.87
DMF,73.095,0.9445,73.09,0.94
DMM,162.229,0.902,,
DMSO,78.136,1.0958,78.13,1.1
DOL,74.079,1.06,74.08,1.06
EA,88.106,0.894,88.11,0.9
EC,88.062,1.321,88.06,1.32
EMC,104.105,1.006,104.1,1.01
Ethylbenzene,106.168,0.8665,,
Ethyldiglyme,134.175,0.9855,,
Ethylmonoglyme,76.095,0.9646,,
FEC,106.052,1.454,106.05,1.45
Freon 11,137.368,1.49,,
MA,74.079,0.9279,74.08,0.93
MOEMC,134.131,1.07,134.13,1.1
Methylene chloride,84.933,1.3266,84.93,1.33
PC,102.089,1.2,102.09,1.2
Propylsulfone,150.243,1.109,,
Pseudocumeme,120.195,0.8758,,
Sulfolane,120.173,1.261,120.17,1.26
TEOS,208.33,0.933,,
TFP,344.066,1.487,344.07,1.59
THF,72.107,0.8833,72.11,0.89
Toluene,92.141,0.8623,92.14,0.87
g-Butyrolactone,86.09,1.1286,86.09,1.13
m-Xylene,106.168,0.8598,,
o-Xylene,106.168,0.8759,,
